promo_id,sku,rule_type
P0001,SKU00187,inclusion
P0001,SKU00216,inclusion
P0001,SKU00241,inclusion
P0001,SKU00295,inclusion
P0001,SKU00240,inclusion
P0001,SKU00015,inclusion
P0001,SKU00002,inclusion
P0001,SKU00386,inclusion
P0001,SKU00211,inclusion
P0001,SKU00175,inclusion
P0001,SKU00226,inclusion
P0001,SKU00299,inclusion
P0001,SKU00383,inclusion
P0001,SKU00051,inclusion
P0001,SKU00159,inclusion
P0001,SKU00380,inclusion
P0001,SKU00317,inclusion
P0001,SKU00204,inclusion
P0001,SKU00096,inclusion
P0001,SKU00375,inclusion
P0001,SKU00309,inclusion
P0001,SKU00006,inclusion
P0001,SKU00146,inclusion
P0001,SKU00246,inclusion
P0001,SKU00121,inclusion
P0001,SKU00059,inclusion
P0001,SKU00313,inclusion
P0001,SKU00136,inclusion
P0001,SKU00370,inclusion
P0001,SKU00041,inclusion
P0001,SKU00220,inclusion
P0001,SKU00315,inclusion
P0001,SKU00080,inclusion
P0001,SKU00271,inclusion
P0001,SKU00171,inclusion
P0001,SKU00178,inclusion
P0001,SKU00095,inclusion
P0001,SKU00312,inclusion
P0001,SKU00039,inclusion
P0001,SKU00343,inclusion
P0001,SKU00284,inclusion
P0001,SKU00385,inclusion
P0001,SKU00247,inclusion
P0001,SKU00303,inclusion
P0001,SKU00094,inclusion
P0001,SKU00073,inclusion
P0001,SKU00243,inclusion
P0001,SKU00222,inclusion
P0001,SKU00154,inclusion
P0001,SKU00137,inclusion
P0001,SKU00230,inclusion
P0001,SKU00062,inclusion
P0001,SKU00174,inclusion
P0001,SKU00053,inclusion
P0001,SKU00038,inclusion
P0001,SKU00086,inclusion
P0001,SKU00098,inclusion
P0001,SKU00358,inclusion
P0001,SKU00351,inclusion
P0001,SKU00185,inclusion
P0002,SKU00298,inclusion
P0003,SKU00309,inclusion
P0003,SKU00089,inclusion
P0003,SKU00015,inclusion
P0003,SKU00332,inclusion
P0003,SKU00287,inclusion
P0003,SKU00175,inclusion
P0003,SKU00094,inclusion
P0003,SKU00214,inclusion
P0003,SKU00141,inclusion
P0003,SKU00299,inclusion
P0003,SKU00198,inclusion
P0003,SKU00308,inclusion
P0003,SKU00230,inclusion
P0003,SKU00107,inclusion
P0003,SKU00229,inclusion
P0003,SKU00116,inclusion
P0003,SKU00173,inclusion
P0003,SKU00111,inclusion
P0003,SKU00135,inclusion
P0003,SKU00350,inclusion
P0003,SKU00226,inclusion
P0003,SKU00326,inclusion
P0003,SKU00386,inclusion
P0003,SKU00185,inclusion
P0003,SKU00052,inclusion
P0003,SKU00347,inclusion
P0003,SKU00270,inclusion
P0003,SKU00204,inclusion
P0003,SKU00219,inclusion
P0003,SKU00329,inclusion
P0003,SKU00053,inclusion
P0003,SKU00364,inclusion
P0003,SKU00159,inclusion
P0003,SKU00162,inclusion
P0003,SKU00146,inclusion
P0003,SKU00313,inclusion
P0003,SKU00136,inclusion
P0003,SKU00288,inclusion
P0003,SKU00238,inclusion
P0004,SKU00071,inclusion
P0004,SKU00058,inclusion
P0004,SKU00042,inclusion
P0004,SKU00093,inclusion
P0004,SKU00054,inclusion
P0004,SKU00018,inclusion
P0004,SKU00384,inclusion
P0004,SKU00049,inclusion
P0004,SKU00015,inclusion
P0004,SKU00088,inclusion
P0004,SKU00356,inclusion
P0004,SKU00173,inclusion
P0004,SKU00156,inclusion
P0004,SKU00364,inclusion
P0004,SKU00274,inclusion
P0004,SKU00187,inclusion
P0004,SKU00085,inclusion
P0004,SKU00102,inclusion
P0004,SKU00148,inclusion
P0004,SKU00140,inclusion
P0004,SKU00025,inclusion
P0004,SKU00155,inclusion
P0004,SKU00389,inclusion
P0004,SKU00020,inclusion
P0004,SKU00035,inclusion
P0004,SKU00087,inclusion
P0004,SKU00328,inclusion
P0004,SKU00355,inclusion
P0004,SKU00252,inclusion
P0004,SKU00031,inclusion
P0004,SKU00275,inclusion
P0004,SKU00388,inclusion
P0005,SKU00037,inclusion
P0005,SKU00197,inclusion
P0005,SKU00191,inclusion
P0005,SKU00367,inclusion
P0005,SKU00085,inclusion
P0005,SKU00082,inclusion
P0005,SKU00104,inclusion
P0005,SKU00035,inclusion
P0005,SKU00014,inclusion
P0005,SKU00164,inclusion
P0005,SKU00132,inclusion
P0005,SKU00272,inclusion
P0005,SKU00130,inclusion
P0005,SKU00333,inclusion
P0005,SKU00084,inclusion
P0005,SKU00324,inclusion
P0005,SKU00339,inclusion
P0005,SKU00109,inclusion
P0005,SKU00209,inclusion
P0005,SKU00234,inclusion
P0005,SKU00091,inclusion
P0005,SKU00223,inclusion
P0005,SKU00294,inclusion
P0005,SKU00319,inclusion
P0005,SKU00232,inclusion
P0005,SKU00267,inclusion
P0005,SKU00066,inclusion
P0005,SKU00047,inclusion
P0005,SKU00251,inclusion
P0005,SKU00400,inclusion
P0006,SKU00042,inclusion
P0006,SKU00080,inclusion
P0006,SKU00238,inclusion
P0006,SKU00141,inclusion
P0006,SKU00315,inclusion
P0006,SKU00278,inclusion
P0006,SKU00287,inclusion
P0006,SKU00241,inclusion
P0006,SKU00048,inclusion
P0006,SKU00110,inclusion
P0006,SKU00040,inclusion
P0006,SKU00351,inclusion
P0006,SKU00243,inclusion
P0006,SKU00059,inclusion
P0006,SKU00038,inclusion
P0006,SKU00391,inclusion
P0006,SKU00175,inclusion
P0006,SKU00096,inclusion
P0006,SKU00136,inclusion
P0006,SKU00116,inclusion
P0006,SKU00017,inclusion
P0006,SKU00329,inclusion
P0006,SKU00131,inclusion
P0006,SKU00299,inclusion
P0006,SKU00023,inclusion
P0006,SKU00204,inclusion
P0006,SKU00246,inclusion
P0006,SKU00383,inclusion
P0006,SKU00375,inclusion
P0006,SKU00041,inclusion
P0006,SKU00386,inclusion
P0006,SKU00360,inclusion
P0006,SKU00190,inclusion
P0006,SKU00094,inclusion
P0006,SKU00226,inclusion
P0006,SKU00282,inclusion
P0006,SKU00086,inclusion
P0006,SKU00200,inclusion
P0006,SKU00015,inclusion
P0006,SKU00140,inclusion
P0006,SKU00001,inclusion
P0006,SKU00371,inclusion
P0006,SKU00219,inclusion
P0006,SKU00137,inclusion
P0006,SKU00111,inclusion
P0006,SKU00186,inclusion
P0006,SKU00370,inclusion
P0006,SKU00187,inclusion
P0006,SKU00292,inclusion
P0006,SKU00073,inclusion
P0006,SKU00229,inclusion
P0006,SKU00198,inclusion
P0006,SKU00051,inclusion
P0006,SKU00303,inclusion
P0006,SKU00146,inclusion
P0006,SKU00350,inclusion
P0006,SKU00134,inclusion
P0006,SKU00173,inclusion
P0006,SKU00312,inclusion
P0006,SKU00009,inclusion
P0007,SKU00088,inclusion
P0007,SKU00120,inclusion
P0007,SKU00085,inclusion
P0007,SKU00093,inclusion
P0007,SKU00111,inclusion
P0007,SKU00078,inclusion
P0007,SKU00050,inclusion
P0007,SKU00350,inclusion
P0007,SKU00252,inclusion
P0007,SKU00018,inclusion
P0007,SKU00355,inclusion
P0007,SKU00087,inclusion
P0007,SKU00035,inclusion
P0007,SKU00031,inclusion
P0007,SKU00025,inclusion
P0007,SKU00274,inclusion
P0007,SKU00364,inclusion
P0007,SKU00071,inclusion
P0007,SKU00054,inclusion
P0007,SKU00042,inclusion
P0007,SKU00148,inclusion
P0007,SKU00388,inclusion
P0007,SKU00173,inclusion
P0007,SKU00370,inclusion
P0007,SKU00140,inclusion
P0007,SKU00356,inclusion
P0007,SKU00156,inclusion
P0007,SKU00020,inclusion
P0007,SKU00198,inclusion
P0007,SKU00015,inclusion
P0007,SKU00058,inclusion
P0007,SKU00155,inclusion
P0008,SKU00393,inclusion
P0008,SKU00390,inclusion
P0008,SKU00298,inclusion
P0008,SKU00144,inclusion
P0008,SKU00397,inclusion
P0008,SKU00115,inclusion
P0008,SKU00321,inclusion
P0008,SKU00316,inclusion
P0008,SKU00195,inclusion
P0008,SKU00138,inclusion
P0008,SKU00239,inclusion
P0008,SKU00266,inclusion
P0008,SKU00143,inclusion
P0008,SKU00325,inclusion
P0008,SKU00158,inclusion
P0008,SKU00161,inclusion
P0008,SKU00148,inclusion
P0008,SKU00213,inclusion
P0008,SKU00269,inclusion
P0008,SKU00362,inclusion
P0008,SKU00108,inclusion
P0008,SKU00302,inclusion
P0008,SKU00145,inclusion
P0008,SKU00114,inclusion
P0008,SKU00099,inclusion
P0008,SKU00365,inclusion
P0008,SKU00382,inclusion
P0008,SKU00087,inclusion
P0008,SKU00384,inclusion
P0008,SKU00044,inclusion
P0008,SKU00334,inclusion
P0008,SKU00344,inclusion
P0008,SKU00276,inclusion
P0008,SKU00120,inclusion
P0008,SKU00112,inclusion
P0008,SKU00036,inclusion
P0008,SKU00242,inclusion
P0008,SKU00349,inclusion
P0008,SKU00289,inclusion
P0008,SKU00133,inclusion
P0008,SKU00068,inclusion
P0008,SKU00184,inclusion
P0008,SKU00101,inclusion
P0008,SKU00320,inclusion
P0008,SKU00259,inclusion
P0008,SKU00202,inclusion
P0008,SKU00097,inclusion
P0008,SKU00077,inclusion
P0008,SKU00254,inclusion
P0008,SKU00019,inclusion
P0008,SKU00005,inclusion
P0008,SKU00356,inclusion
P0008,SKU00100,inclusion
P0008,SKU00106,inclusion
P0008,SKU00117,inclusion
P0008,SKU00078,inclusion
P0008,SKU00027,inclusion
P0008,SKU00069,inclusion
P0008,SKU00128,inclusion
P0008,SKU00156,inclusion
P0009,SKU00120,inclusion
P0009,SKU00008,inclusion
P0009,SKU00236,inclusion
P0009,SKU00151,inclusion
P0009,SKU00033,inclusion
P0009,SKU00322,inclusion
P0009,SKU00027,inclusion
P0009,SKU00311,inclusion
P0009,SKU00100,inclusion
P0009,SKU00108,inclusion
P0009,SKU00044,inclusion
P0009,SKU00397,inclusion
P0009,SKU00022,inclusion
P0009,SKU00092,inclusion
P0009,SKU00298,inclusion
P0009,SKU00068,inclusion
P0009,SKU00183,inclusion
P0009,SKU00069,inclusion
P0009,SKU00112,inclusion
P0009,SKU00264,inclusion
P0009,SKU00301,inclusion
P0009,SKU00213,inclusion
P0009,SKU00342,inclusion
P0009,SKU00396,inclusion
P0009,SKU00036,inclusion
P0009,SKU00046,inclusion
P0009,SKU00316,inclusion
P0009,SKU00129,inclusion
P0009,SKU00266,inclusion
P0009,SKU00362,inclusion
P0009,SKU00172,inclusion
P0009,SKU00344,inclusion
P0009,SKU00335,inclusion
P0009,SKU00265,inclusion
P0009,SKU00269,inclusion
P0009,SKU00057,inclusion
P0009,SKU00078,inclusion
P0009,SKU00195,inclusion
P0009,SKU00305,inclusion
P0009,SKU00208,inclusion
P0009,SKU00242,inclusion
P0009,SKU00262,inclusion
P0009,SKU00133,inclusion
P0009,SKU00050,inclusion
P0009,SKU00106,inclusion
P0009,SKU00394,inclusion
P0009,SKU00334,inclusion
P0009,SKU00115,inclusion
P0009,SKU00254,inclusion
P0009,SKU00365,inclusion
P0009,SKU00160,inclusion
P0009,SKU00331,inclusion
P0009,SKU00179,inclusion
P0009,SKU00056,inclusion
P0009,SKU00117,inclusion
P0009,SKU00225,inclusion
P0009,SKU00143,inclusion
P0009,SKU00280,inclusion
P0009,SKU00158,inclusion
P0009,SKU00395,inclusion
P0010,SKU00382,inclusion
P0010,SKU00395,inclusion
P0010,SKU00012,inclusion
P0010,SKU00115,inclusion
P0010,SKU00033,inclusion
P0010,SKU00036,inclusion
P0010,SKU00393,inclusion
P0010,SKU00065,inclusion
P0010,SKU00225,inclusion
P0010,SKU00106,inclusion
P0010,SKU00221,inclusion
P0010,SKU00055,inclusion
P0010,SKU00331,inclusion
P0010,SKU00316,inclusion
P0010,SKU00321,inclusion
P0010,SKU00030,inclusion
P0010,SKU00078,inclusion
P0010,SKU00122,inclusion
P0010,SKU00170,inclusion
P0010,SKU00172,inclusion
P0010,SKU00236,inclusion
P0010,SKU00398,inclusion
P0010,SKU00325,inclusion
P0010,SKU00126,inclusion
P0011,SKU00329,inclusion
P0012,SKU00369,inclusion
P0013,SKU00263,inclusion
P0013,SKU00339,inclusion
P0013,SKU00178,inclusion
P0013,SKU00206,inclusion
P0013,SKU00289,inclusion
P0013,SKU00166,inclusion
P0013,SKU00372,inclusion
P0013,SKU00396,inclusion
P0013,SKU00019,inclusion
P0013,SKU00310,inclusion
P0013,SKU00154,inclusion
P0013,SKU00203,inclusion
P0013,SKU00318,inclusion
P0013,SKU00228,inclusion
P0013,SKU00190,inclusion
P0013,SKU00194,inclusion
P0013,SKU00034,inclusion
P0013,SKU00138,inclusion
P0013,SKU00172,inclusion
P0013,SKU00331,inclusion
P0013,SKU00175,inclusion
P0013,SKU00116,inclusion
P0013,SKU00142,inclusion
P0013,SKU00205,inclusion
P0013,SKU00132,inclusion
P0013,SKU00046,inclusion
P0013,SKU00346,inclusion
P0013,SKU00129,inclusion
P0013,SKU00268,inclusion
P0013,SKU00225,inclusion
P0013,SKU00059,inclusion
P0013,SKU00308,inclusion
P0014,SKU00235,inclusion
P0014,SKU00122,inclusion
P0014,SKU00023,inclusion
P0014,SKU00338,inclusion
P0014,SKU00151,inclusion
P0014,SKU00220,inclusion
P0014,SKU00051,inclusion
P0014,SKU00086,inclusion
P0014,SKU00167,inclusion
P0014,SKU00177,inclusion
P0014,SKU00048,inclusion
P0014,SKU00260,inclusion
P0014,SKU00105,inclusion
P0014,SKU00334,inclusion
P0014,SKU00327,inclusion
P0014,SKU00053,inclusion
P0014,SKU00349,inclusion
P0014,SKU00336,inclusion
P0014,SKU00324,inclusion
P0014,SKU00037,inclusion
P0014,SKU00258,inclusion
P0014,SKU00221,inclusion
P0014,SKU00082,inclusion
P0014,SKU00256,inclusion
P0014,SKU00055,inclusion
P0014,SKU00002,inclusion
P0014,SKU00196,inclusion
P0014,SKU00306,inclusion
P0014,SKU00214,inclusion
P0014,SKU00124,inclusion
P0014,SKU00397,inclusion
P0014,SKU00137,inclusion
P0015,SKU00231,inclusion
P0016,SKU00215,inclusion
P0017,SKU00382,inclusion
P0017,SKU00151,inclusion
P0017,SKU00057,inclusion
P0017,SKU00112,inclusion
P0017,SKU00254,inclusion
P0017,SKU00207,inclusion
P0017,SKU00256,inclusion
P0017,SKU00138,inclusion
P0017,SKU00394,inclusion
P0017,SKU00276,inclusion
P0017,SKU00192,inclusion
P0017,SKU00122,inclusion
P0017,SKU00087,inclusion
P0017,SKU00120,inclusion
P0017,SKU00316,inclusion
P0017,SKU00302,inclusion
P0017,SKU00033,inclusion
P0017,SKU00101,inclusion
P0017,SKU00099,inclusion
P0017,SKU00265,inclusion
P0017,SKU00118,inclusion
P0017,SKU00195,inclusion
P0017,SKU00397,inclusion
P0017,SKU00269,inclusion
P0017,SKU00395,inclusion
P0017,SKU00068,inclusion
P0017,SKU00236,inclusion
P0017,SKU00081,inclusion
P0017,SKU00208,inclusion
P0017,SKU00030,inclusion
P0017,SKU00250,inclusion
P0017,SKU00117,inclusion
P0017,SKU00349,inclusion
P0017,SKU00359,inclusion
P0017,SKU00172,inclusion
P0017,SKU00158,inclusion
P0017,SKU00266,inclusion
P0017,SKU00280,inclusion
P0017,SKU00005,inclusion
P0017,SKU00212,inclusion
P0017,SKU00274,inclusion
P0017,SKU00065,inclusion
P0017,SKU00242,inclusion
P0017,SKU00067,inclusion
P0017,SKU00398,inclusion
P0017,SKU00311,inclusion
P0017,SKU00221,inclusion
P0017,SKU00044,inclusion
P0017,SKU00396,inclusion
P0017,SKU00210,inclusion
P0017,SKU00054,inclusion
P0017,SKU00064,inclusion
P0017,SKU00077,inclusion
P0017,SKU00388,inclusion
P0017,SKU00183,inclusion
P0017,SKU00301,inclusion
P0017,SKU00320,inclusion
P0017,SKU00321,inclusion
P0017,SKU00378,inclusion
P0017,SKU00381,inclusion
P0018,SKU00215,inclusion
P0018,SKU00310,inclusion
P0018,SKU00233,inclusion
P0018,SKU00177,inclusion
P0018,SKU00206,inclusion
P0018,SKU00336,inclusion
P0018,SKU00338,inclusion
P0018,SKU00217,inclusion
P0018,SKU00260,inclusion
P0018,SKU00105,inclusion
P0018,SKU00340,inclusion
P0018,SKU00034,inclusion
P0018,SKU00193,inclusion
P0018,SKU00049,inclusion
P0018,SKU00109,inclusion
P0018,SKU00194,inclusion
P0018,SKU00245,inclusion
P0018,SKU00037,inclusion
P0018,SKU00257,inclusion
P0018,SKU00045,inclusion
P0018,SKU00025,inclusion
P0018,SKU00153,inclusion
P0018,SKU00124,inclusion
P0018,SKU00123,inclusion
P0018,SKU00345,inclusion
P0018,SKU00323,inclusion
P0018,SKU00203,inclusion
P0018,SKU00234,inclusion
P0018,SKU00400,inclusion
P0018,SKU00188,inclusion
P0018,SKU00199,inclusion
P0018,SKU00249,inclusion
P0018,SKU00075,inclusion
P0018,SKU00272,inclusion
P0018,SKU00261,inclusion
P0018,SKU00071,inclusion
P0018,SKU00029,inclusion
P0018,SKU00028,inclusion
P0018,SKU00024,inclusion
P0018,SKU00169,inclusion
P0018,SKU00013,inclusion
P0018,SKU00300,inclusion
P0018,SKU00367,inclusion
P0018,SKU00227,inclusion
P0018,SKU00369,inclusion
P0018,SKU00252,inclusion
P0018,SKU00196,inclusion
P0018,SKU00085,inclusion
P0018,SKU00273,inclusion
P0018,SKU00307,inclusion
P0018,SKU00223,inclusion
P0018,SKU00168,inclusion
P0018,SKU00014,inclusion
P0018,SKU00182,inclusion
P0018,SKU00348,inclusion
P0018,SKU00063,inclusion
P0018,SKU00130,inclusion
P0018,SKU00197,inclusion
P0018,SKU00155,inclusion
P0018,SKU00277,inclusion
P0019,SKU00001,inclusion
P0020,SKU00232,inclusion
P0020,SKU00108,inclusion
P0020,SKU00268,inclusion
P0020,SKU00310,inclusion
P0020,SKU00346,inclusion
P0020,SKU00396,inclusion
P0020,SKU00104,inclusion
P0020,SKU00019,inclusion
P0020,SKU00036,inclusion
P0020,SKU00194,inclusion
P0020,SKU00308,inclusion
P0020,SKU00175,inclusion
P0020,SKU00249,inclusion
P0020,SKU00245,inclusion
P0020,SKU00353,inclusion
P0020,SKU00067,inclusion
P0020,SKU00129,inclusion
P0020,SKU00138,inclusion
P0020,SKU00115,inclusion
P0020,SKU00213,inclusion
P0020,SKU00363,inclusion
P0020,SKU00068,inclusion
P0020,SKU00172,inclusion
P0020,SKU00116,inclusion
P0020,SKU00205,inclusion
P0020,SKU00325,inclusion
P0020,SKU00263,inclusion
P0020,SKU00059,inclusion
P0020,SKU00313,inclusion
P0020,SKU00228,inclusion
P0020,SKU00331,inclusion
P0020,SKU00318,inclusion
P0021,SKU00396,inclusion
P0021,SKU00313,inclusion
P0021,SKU00363,inclusion
P0021,SKU00104,inclusion
P0021,SKU00190,inclusion
P0021,SKU00218,inclusion
P0021,SKU00205,inclusion
P0021,SKU00186,inclusion
P0021,SKU00292,inclusion
P0021,SKU00178,inclusion
P0021,SKU00268,inclusion
P0021,SKU00059,inclusion
P0021,SKU00099,inclusion
P0021,SKU00245,inclusion
P0021,SKU00310,inclusion
P0021,SKU00129,inclusion
P0021,SKU00132,inclusion
P0021,SKU00172,inclusion
P0021,SKU00108,inclusion
P0021,SKU00206,inclusion
P0021,SKU00116,inclusion
P0021,SKU00142,inclusion
P0021,SKU00144,inclusion
P0021,SKU00308,inclusion
P0021,SKU00276,inclusion
P0021,SKU00175,inclusion
P0021,SKU00325,inclusion
P0021,SKU00318,inclusion
P0021,SKU00001,inclusion
P0021,SKU00225,inclusion
P0021,SKU00353,inclusion
P0021,SKU00138,inclusion
P0022,SKU00284,inclusion
P0022,SKU00311,inclusion
P0022,SKU00359,inclusion
P0022,SKU00065,inclusion
P0022,SKU00297,inclusion
P0022,SKU00204,inclusion
P0022,SKU00176,inclusion
P0022,SKU00074,inclusion
P0022,SKU00358,inclusion
P0022,SKU00329,inclusion
P0022,SKU00277,inclusion
P0022,SKU00393,inclusion
P0022,SKU00066,inclusion
P0022,SKU00003,inclusion
P0022,SKU00264,inclusion
P0022,SKU00090,inclusion
P0022,SKU00113,inclusion
P0022,SKU00184,inclusion
P0022,SKU00285,inclusion
P0022,SKU00211,inclusion
P0022,SKU00272,inclusion
P0022,SKU00069,inclusion
P0022,SKU00182,inclusion
P0022,SKU00280,inclusion
P0022,SKU00270,inclusion
P0022,SKU00033,inclusion
P0022,SKU00265,inclusion
P0022,SKU00345,inclusion
P0022,SKU00185,inclusion
P0022,SKU00044,inclusion
P0022,SKU00195,inclusion
P0022,SKU00201,inclusion
P0023,SKU00241,inclusion
P0023,SKU00255,inclusion
P0023,SKU00197,inclusion
P0023,SKU00351,inclusion
P0023,SKU00013,inclusion
P0023,SKU00193,inclusion
P0023,SKU00381,inclusion
P0023,SKU00319,inclusion
P0023,SKU00084,inclusion
P0023,SKU00133,inclusion
P0023,SKU00170,inclusion
P0023,SKU00174,inclusion
P0023,SKU00371,inclusion
P0023,SKU00365,inclusion
P0023,SKU00323,inclusion
P0023,SKU00121,inclusion
P0023,SKU00299,inclusion
P0023,SKU00342,inclusion
P0023,SKU00377,inclusion
P0023,SKU00014,inclusion
P0023,SKU00089,inclusion
P0023,SKU00169,inclusion
P0023,SKU00250,inclusion
P0023,SKU00073,inclusion
P0023,SKU00106,inclusion
P0023,SKU00262,inclusion
P0023,SKU00242,inclusion
P0023,SKU00366,inclusion
P0023,SKU00207,inclusion
P0023,SKU00301,inclusion
P0023,SKU00152,inclusion
P0023,SKU00248,inclusion
P0024,SKU00397,inclusion
P0025,SKU00048,inclusion
P0025,SKU00385,inclusion
P0025,SKU00306,inclusion
P0025,SKU00082,inclusion
P0025,SKU00344,inclusion
P0025,SKU00191,inclusion
P0025,SKU00083,inclusion
P0025,SKU00390,inclusion
P0025,SKU00012,inclusion
P0025,SKU00256,inclusion
P0025,SKU00324,inclusion
P0025,SKU00336,inclusion
P0025,SKU00397,inclusion
P0025,SKU00282,inclusion
P0025,SKU00196,inclusion
P0025,SKU00122,inclusion
P0025,SKU00023,inclusion
P0025,SKU00200,inclusion
P0025,SKU00135,inclusion
P0025,SKU00127,inclusion
P0025,SKU00159,inclusion
P0025,SKU00258,inclusion
P0025,SKU00246,inclusion
P0025,SKU00137,inclusion
P0025,SKU00051,inclusion
P0025,SKU00295,inclusion
P0025,SKU00334,inclusion
P0025,SKU00002,inclusion
P0025,SKU00216,inclusion
P0025,SKU00091,inclusion
P0025,SKU00349,inclusion
P0025,SKU00221,inclusion
P0026,SKU00013,inclusion
P0026,SKU00342,inclusion
P0026,SKU00255,inclusion
P0026,SKU00365,inclusion
P0026,SKU00381,inclusion
P0026,SKU00133,inclusion
P0026,SKU00242,inclusion
P0026,SKU00209,inclusion
P0026,SKU00081,inclusion
P0026,SKU00038,inclusion
P0026,SKU00241,inclusion
P0026,SKU00250,inclusion
P0026,SKU00152,inclusion
P0026,SKU00301,inclusion
P0026,SKU00170,inclusion
P0026,SKU00305,inclusion
P0026,SKU00121,inclusion
P0026,SKU00084,inclusion
P0026,SKU00315,inclusion
P0026,SKU00169,inclusion
P0026,SKU00348,inclusion
P0026,SKU00106,inclusion
P0026,SKU00076,inclusion
P0026,SKU00089,inclusion
P0026,SKU00262,inclusion
P0026,SKU00293,inclusion
P0026,SKU00298,inclusion
P0026,SKU00335,inclusion
P0026,SKU00319,inclusion
P0026,SKU00271,inclusion
P0026,SKU00207,inclusion
P0026,SKU00136,inclusion
P0027,SKU00394,inclusion
P0028,SKU00161,inclusion
P0029,SKU00042,inclusion
P0029,SKU00093,inclusion
P0029,SKU00018,inclusion
P0029,SKU00230,inclusion
P0029,SKU00350,inclusion
P0029,SKU00088,inclusion
P0029,SKU00198,inclusion
P0029,SKU00247,inclusion
P0029,SKU00140,inclusion
P0029,SKU00389,inclusion
P0029,SKU00054,inclusion
P0029,SKU00148,inclusion
P0029,SKU00020,inclusion
P0029,SKU00388,inclusion
P0029,SKU00356,inclusion
P0029,SKU00035,inclusion
P0029,SKU00370,inclusion
P0029,SKU00031,inclusion
P0029,SKU00384,inclusion
P0029,SKU00252,inclusion
P0029,SKU00085,inclusion
P0029,SKU00328,inclusion
P0029,SKU00111,inclusion
P0029,SKU00156,inclusion
P0029,SKU00049,inclusion
P0029,SKU00071,inclusion
P0029,SKU00187,inclusion
P0029,SKU00355,inclusion
P0029,SKU00087,inclusion
P0029,SKU00015,inclusion
P0029,SKU00058,inclusion
P0029,SKU00274,inclusion
P0030,SKU00261,inclusion
P0031,SKU00020,inclusion
P0031,SKU00140,inclusion
P0031,SKU00088,inclusion
P0031,SKU00155,inclusion
P0031,SKU00356,inclusion
P0031,SKU00058,inclusion
P0031,SKU00025,inclusion
P0031,SKU00350,inclusion
P0031,SKU00230,inclusion
P0031,SKU00384,inclusion
P0031,SKU00355,inclusion
P0031,SKU00328,inclusion
P0031,SKU00078,inclusion
P0031,SKU00087,inclusion
P0031,SKU00018,inclusion
P0031,SKU00035,inclusion
P0031,SKU00031,inclusion
P0031,SKU00198,inclusion
P0031,SKU00111,inclusion
P0031,SKU00148,inclusion
P0031,SKU00102,inclusion
P0031,SKU00097,inclusion
P0031,SKU00388,inclusion
P0031,SKU00389,inclusion
P0031,SKU00173,inclusion
P0031,SKU00370,inclusion
P0031,SKU00187,inclusion
P0031,SKU00049,inclusion
P0031,SKU00054,inclusion
P0031,SKU00085,inclusion
P0031,SKU00050,inclusion
P0031,SKU00364,inclusion
P0032,SKU00097,inclusion
P0032,SKU00025,inclusion
P0032,SKU00350,inclusion
P0032,SKU00050,inclusion
P0032,SKU00022,inclusion
P0032,SKU00015,inclusion
P0032,SKU00071,inclusion
P0032,SKU00148,inclusion
P0032,SKU00370,inclusion
P0032,SKU00042,inclusion
P0032,SKU00155,inclusion
P0032,SKU00388,inclusion
P0032,SKU00031,inclusion
P0032,SKU00120,inclusion
P0032,SKU00088,inclusion
P0032,SKU00328,inclusion
P0032,SKU00355,inclusion
P0032,SKU00247,inclusion
P0032,SKU00111,inclusion
P0032,SKU00364,inclusion
P0032,SKU00018,inclusion
P0032,SKU00102,inclusion
P0032,SKU00274,inclusion
P0032,SKU00198,inclusion
P0032,SKU00085,inclusion
P0032,SKU00087,inclusion
P0032,SKU00078,inclusion
P0032,SKU00140,inclusion
P0032,SKU00049,inclusion
P0032,SKU00275,inclusion
P0032,SKU00035,inclusion
P0032,SKU00389,inclusion
P0033,SKU00098,inclusion
P0033,SKU00314,inclusion
P0033,SKU00223,inclusion
P0033,SKU00303,inclusion
P0033,SKU00254,inclusion
P0033,SKU00131,inclusion
P0033,SKU00288,inclusion
P0033,SKU00109,inclusion
P0033,SKU00304,inclusion
P0033,SKU00005,inclusion
P0033,SKU00165,inclusion
P0033,SKU00361,inclusion
P0033,SKU00231,inclusion
P0033,SKU00337,inclusion
P0033,SKU00047,inclusion
P0033,SKU00123,inclusion
P0033,SKU00347,inclusion
P0033,SKU00202,inclusion
P0033,SKU00017,inclusion
P0033,SKU00257,inclusion
P0033,SKU00101,inclusion
P0033,SKU00199,inclusion
P0033,SKU00056,inclusion
P0033,SKU00188,inclusion
P0033,SKU00163,inclusion
P0033,SKU00149,inclusion
P0033,SKU00238,inclusion
P0033,SKU00226,inclusion
P0033,SKU00333,inclusion
P0033,SKU00164,inclusion
P0033,SKU00352,inclusion
P0033,SKU00039,inclusion
P0034,SKU00329,inclusion
P0034,SKU00284,inclusion
P0034,SKU00272,inclusion
P0034,SKU00311,inclusion
P0034,SKU00069,inclusion
P0034,SKU00141,inclusion
P0034,SKU00380,inclusion
P0034,SKU00072,inclusion
P0034,SKU00264,inclusion
P0034,SKU00176,inclusion
P0034,SKU00113,inclusion
P0034,SKU00195,inclusion
P0034,SKU00280,inclusion
P0034,SKU00345,inclusion
P0034,SKU00182,inclusion
P0034,SKU00185,inclusion
P0034,SKU00065,inclusion
P0034,SKU00184,inclusion
P0034,SKU00297,inclusion
P0034,SKU00090,inclusion
P0034,SKU00358,inclusion
P0034,SKU00285,inclusion
P0034,SKU00211,inclusion
P0034,SKU00277,inclusion
P0034,SKU00044,inclusion
P0034,SKU00158,inclusion
P0034,SKU00204,inclusion
P0034,SKU00064,inclusion
P0034,SKU00003,inclusion
P0034,SKU00033,inclusion
P0034,SKU00359,inclusion
P0034,SKU00296,inclusion
P0035,SKU00222,inclusion
P0035,SKU00190,inclusion
P0035,SKU00231,inclusion
P0035,SKU00248,inclusion
P0035,SKU00282,inclusion
P0035,SKU00152,inclusion
P0035,SKU00241,inclusion
P0035,SKU00341,inclusion
P0035,SKU00343,inclusion
P0035,SKU00228,inclusion
P0035,SKU00351,inclusion
P0035,SKU00098,inclusion
P0035,SKU00080,inclusion
P0035,SKU00040,inclusion
P0035,SKU00154,inclusion
P0035,SKU00001,inclusion
P0035,SKU00286,inclusion
P0035,SKU00048,inclusion
P0035,SKU00346,inclusion
P0035,SKU00093,inclusion
P0035,SKU00009,inclusion
P0035,SKU00157,inclusion
P0035,SKU00059,inclusion
P0035,SKU00383,inclusion
P0035,SKU00178,inclusion
P0035,SKU00258,inclusion
P0035,SKU00039,inclusion
P0035,SKU00042,inclusion
P0035,SKU00002,inclusion
P0035,SKU00255,inclusion
P0035,SKU00140,inclusion
P0035,SKU00237,inclusion
P0035,SKU00370,inclusion
P0035,SKU00303,inclusion
P0035,SKU00391,inclusion
P0035,SKU00358,inclusion
P0035,SKU00220,inclusion
P0035,SKU00389,inclusion
P0035,SKU00315,inclusion
P0035,SKU00385,inclusion
P0036,SKU00116,inclusion
P0036,SKU00364,inclusion
P0036,SKU00185,inclusion
P0036,SKU00198,inclusion
P0036,SKU00309,inclusion
P0036,SKU00015,inclusion
P0036,SKU00229,inclusion
P0036,SKU00288,inclusion
P0036,SKU00350,inclusion
P0036,SKU00230,inclusion
P0036,SKU00299,inclusion
P0036,SKU00173,inclusion
P0036,SKU00135,inclusion
P0036,SKU00052,inclusion
P0036,SKU00053,inclusion
P0036,SKU00111,inclusion
P0036,SKU00326,inclusion
P0036,SKU00238,inclusion
P0036,SKU00347,inclusion
P0036,SKU00136,inclusion
P0036,SKU00386,inclusion
P0036,SKU00219,inclusion
P0036,SKU00226,inclusion
P0036,SKU00308,inclusion
P0036,SKU00175,inclusion
P0036,SKU00141,inclusion
P0036,SKU00094,inclusion
P0036,SKU00332,inclusion
P0036,SKU00159,inclusion
P0036,SKU00287,inclusion
P0036,SKU00313,inclusion
P0036,SKU00107,inclusion
P0036,SKU00214,inclusion
P0036,SKU00329,inclusion
P0036,SKU00146,inclusion
P0036,SKU00204,inclusion
P0036,SKU00089,inclusion
P0036,SKU00270,inclusion
P0036,SKU00162,inclusion
P0037,SKU00033,inclusion
P0037,SKU00321,inclusion
P0037,SKU00172,inclusion
P0037,SKU00055,inclusion
P0037,SKU00393,inclusion
P0037,SKU00170,inclusion
P0037,SKU00030,inclusion
P0037,SKU00221,inclusion
P0037,SKU00106,inclusion
P0037,SKU00036,inclusion
P0037,SKU00122,inclusion
P0037,SKU00395,inclusion
P0037,SKU00236,inclusion
P0037,SKU00078,inclusion
P0037,SKU00115,inclusion
P0037,SKU00382,inclusion
P0037,SKU00398,inclusion
P0037,SKU00012,inclusion
P0037,SKU00225,inclusion
P0037,SKU00065,inclusion
P0037,SKU00331,inclusion
P0037,SKU00325,inclusion
P0037,SKU00126,inclusion
P0037,SKU00316,inclusion
P0038,SKU00180,inclusion
P0038,SKU00073,inclusion
P0038,SKU00371,inclusion
P0038,SKU00038,inclusion
P0038,SKU00169,inclusion
P0038,SKU00383,inclusion
P0038,SKU00320,inclusion
P0038,SKU00133,inclusion
P0038,SKU00170,inclusion
P0038,SKU00207,inclusion
P0038,SKU00152,inclusion
P0038,SKU00248,inclusion
P0038,SKU00255,inclusion
P0038,SKU00377,inclusion
P0038,SKU00271,inclusion
P0038,SKU00014,inclusion
P0038,SKU00319,inclusion
P0038,SKU00366,inclusion
P0038,SKU00315,inclusion
P0038,SKU00089,inclusion
P0038,SKU00010,inclusion
P0038,SKU00079,inclusion
P0038,SKU00197,inclusion
P0038,SKU00298,inclusion
P0038,SKU00365,inclusion
P0038,SKU00242,inclusion
P0038,SKU00121,inclusion
P0038,SKU00076,inclusion
P0038,SKU00250,inclusion
P0038,SKU00157,inclusion
P0038,SKU00387,inclusion
P0038,SKU00381,inclusion
P0039,SKU00224,inclusion
P0039,SKU00343,inclusion
P0039,SKU00317,inclusion
P0039,SKU00229,inclusion
P0039,SKU00337,inclusion
P0039,SKU00163,inclusion
P0039,SKU00238,inclusion
P0039,SKU00352,inclusion
P0039,SKU00304,inclusion
P0039,SKU00043,inclusion
P0039,SKU00395,inclusion
P0039,SKU00223,inclusion
P0039,SKU00234,inclusion
P0039,SKU00314,inclusion
P0039,SKU00288,inclusion
P0039,SKU00316,inclusion
P0039,SKU00199,inclusion
P0039,SKU00114,inclusion
P0039,SKU00368,inclusion
P0039,SKU00047,inclusion
P0039,SKU00261,inclusion
P0039,SKU00056,inclusion
P0039,SKU00109,inclusion
P0039,SKU00080,inclusion
P0039,SKU00005,inclusion
P0039,SKU00375,inclusion
P0039,SKU00202,inclusion
P0039,SKU00101,inclusion
P0039,SKU00333,inclusion
P0039,SKU00303,inclusion
P0039,SKU00281,inclusion
P0039,SKU00347,inclusion
P0040,SKU00248,inclusion
P0040,SKU00335,inclusion
P0040,SKU00084,inclusion
P0040,SKU00315,inclusion
P0040,SKU00301,inclusion
P0040,SKU00351,inclusion
P0040,SKU00255,inclusion
P0040,SKU00180,inclusion
P0040,SKU00320,inclusion
P0040,SKU00371,inclusion
P0040,SKU00242,inclusion
P0040,SKU00133,inclusion
P0040,SKU00271,inclusion
P0040,SKU00038,inclusion
P0040,SKU00006,inclusion
P0040,SKU00106,inclusion
P0040,SKU00014,inclusion
P0040,SKU00157,inclusion
P0040,SKU00013,inclusion
P0040,SKU00209,inclusion
P0040,SKU00073,inclusion
P0040,SKU00212,inclusion
P0040,SKU00244,inclusion
P0040,SKU00366,inclusion
P0040,SKU00377,inclusion
P0040,SKU00293,inclusion
P0040,SKU00305,inclusion
P0040,SKU00323,inclusion
P0040,SKU00342,inclusion
P0040,SKU00174,inclusion
P0040,SKU00170,inclusion
P0040,SKU00241,inclusion
P0041,SKU00245,inclusion
P0041,SKU00233,inclusion
P0041,SKU00201,inclusion
P0041,SKU00181,inclusion
P0041,SKU00338,inclusion
P0041,SKU00215,inclusion
P0041,SKU00333,inclusion
P0041,SKU00193,inclusion
P0041,SKU00049,inclusion
P0041,SKU00194,inclusion
P0041,SKU00294,inclusion
P0041,SKU00177,inclusion
P0041,SKU00260,inclusion
P0041,SKU00153,inclusion
P0041,SKU00387,inclusion
P0041,SKU00016,inclusion
P0041,SKU00374,inclusion
P0041,SKU00130,inclusion
P0041,SKU00075,inclusion
P0041,SKU00297,inclusion
P0041,SKU00169,inclusion
P0041,SKU00314,inclusion
P0041,SKU00139,inclusion
P0041,SKU00061,inclusion
P0041,SKU00058,inclusion
P0041,SKU00234,inclusion
P0041,SKU00029,inclusion
P0041,SKU00345,inclusion
P0041,SKU00109,inclusion
P0041,SKU00047,inclusion
P0041,SKU00011,inclusion
P0041,SKU00124,inclusion
P0041,SKU00251,inclusion
P0041,SKU00252,inclusion
P0041,SKU00155,inclusion
P0041,SKU00261,inclusion
P0041,SKU00003,inclusion
P0041,SKU00348,inclusion
P0041,SKU00010,inclusion
P0041,SKU00277,inclusion
P0041,SKU00232,inclusion
P0041,SKU00281,inclusion
P0041,SKU00031,inclusion
P0041,SKU00163,inclusion
P0041,SKU00336,inclusion
P0041,SKU00180,inclusion
P0041,SKU00066,inclusion
P0041,SKU00037,inclusion
P0041,SKU00323,inclusion
P0041,SKU00123,inclusion
P0041,SKU00368,inclusion
P0041,SKU00318,inclusion
P0041,SKU00103,inclusion
P0041,SKU00310,inclusion
P0041,SKU00253,inclusion
P0041,SKU00125,inclusion
P0041,SKU00339,inclusion
P0041,SKU00354,inclusion
P0041,SKU00021,inclusion
P0041,SKU00273,inclusion
P0042,SKU00137,inclusion
P0042,SKU00204,inclusion
P0042,SKU00399,inclusion
P0042,SKU00107,inclusion
P0042,SKU00140,inclusion
P0042,SKU00098,inclusion
P0042,SKU00247,inclusion
P0042,SKU00326,inclusion
P0042,SKU00243,inclusion
P0042,SKU00017,inclusion
P0042,SKU00032,inclusion
P0042,SKU00303,inclusion
P0042,SKU00309,inclusion
P0042,SKU00224,inclusion
P0042,SKU00371,inclusion
P0042,SKU00074,inclusion
P0042,SKU00284,inclusion
P0042,SKU00088,inclusion
P0042,SKU00159,inclusion
P0042,SKU00364,inclusion
P0042,SKU00299,inclusion
P0042,SKU00283,inclusion
P0042,SKU00241,inclusion
P0042,SKU00278,inclusion
P0042,SKU00009,inclusion
P0042,SKU00315,inclusion
P0042,SKU00231,inclusion
P0042,SKU00060,inclusion
P0042,SKU00157,inclusion
P0042,SKU00229,inclusion
P0042,SKU00389,inclusion
P0042,SKU00240,inclusion
P0042,SKU00313,inclusion
P0042,SKU00214,inclusion
P0042,SKU00190,inclusion
P0042,SKU00222,inclusion
P0042,SKU00317,inclusion
P0042,SKU00327,inclusion
P0042,SKU00270,inclusion
P0042,SKU00329,inclusion
P0042,SKU00173,inclusion
P0042,SKU00337,inclusion
P0042,SKU00131,inclusion
P0042,SKU00246,inclusion
P0042,SKU00200,inclusion
P0042,SKU00086,inclusion
P0042,SKU00351,inclusion
P0042,SKU00226,inclusion
P0042,SKU00141,inclusion
P0042,SKU00185,inclusion
P0042,SKU00332,inclusion
P0042,SKU00001,inclusion
P0042,SKU00375,inclusion
P0042,SKU00370,inclusion
P0042,SKU00258,inclusion
P0042,SKU00041,inclusion
P0042,SKU00228,inclusion
P0042,SKU00062,inclusion
P0042,SKU00053,inclusion
P0042,SKU00358,inclusion
P0043,SKU00101,inclusion
P0043,SKU00264,inclusion
P0043,SKU00365,inclusion
P0043,SKU00112,inclusion
P0043,SKU00083,inclusion
P0043,SKU00143,inclusion
P0043,SKU00195,inclusion
P0043,SKU00362,inclusion
P0043,SKU00055,inclusion
P0043,SKU00022,inclusion
P0043,SKU00160,inclusion
P0043,SKU00064,inclusion
P0043,SKU00388,inclusion
P0043,SKU00320,inclusion
P0043,SKU00356,inclusion
P0043,SKU00056,inclusion
P0043,SKU00254,inclusion
P0043,SKU00081,inclusion
P0043,SKU00210,inclusion
P0043,SKU00266,inclusion
P0043,SKU00179,inclusion
P0043,SKU00099,inclusion
P0043,SKU00366,inclusion
P0043,SKU00158,inclusion
P0043,SKU00151,inclusion
P0043,SKU00106,inclusion
P0043,SKU00305,inclusion
P0043,SKU00236,inclusion
P0043,SKU00302,inclusion
P0043,SKU00148,inclusion
P0043,SKU00212,inclusion
P0043,SKU00325,inclusion
P0043,SKU00046,inclusion
P0043,SKU00007,inclusion
P0043,SKU00019,inclusion
P0043,SKU00114,inclusion
P0043,SKU00208,inclusion
P0043,SKU00207,inclusion
P0043,SKU00322,inclusion
P0043,SKU00316,inclusion
P0043,SKU00274,inclusion
P0043,SKU00122,inclusion
P0043,SKU00068,inclusion
P0043,SKU00054,inclusion
P0043,SKU00138,inclusion
P0043,SKU00128,inclusion
P0043,SKU00115,inclusion
P0043,SKU00184,inclusion
P0043,SKU00225,inclusion
P0043,SKU00004,inclusion
P0043,SKU00092,inclusion
P0043,SKU00126,inclusion
P0043,SKU00057,inclusion
P0043,SKU00036,inclusion
P0043,SKU00033,inclusion
P0043,SKU00265,inclusion
P0043,SKU00269,inclusion
P0043,SKU00372,inclusion
P0043,SKU00087,inclusion
P0043,SKU00359,inclusion
P0044,SKU00180,inclusion
P0044,SKU00070,inclusion
P0044,SKU00355,inclusion
P0044,SKU00021,inclusion
P0044,SKU00196,inclusion
P0044,SKU00020,inclusion
P0044,SKU00357,inclusion
P0044,SKU00253,inclusion
P0044,SKU00261,inclusion
P0044,SKU00291,inclusion
P0044,SKU00058,inclusion
P0044,SKU00163,inclusion
P0044,SKU00034,inclusion
P0044,SKU00376,inclusion
P0044,SKU00188,inclusion
P0044,SKU00233,inclusion
P0044,SKU00090,inclusion
P0044,SKU00338,inclusion
P0044,SKU00203,inclusion
P0044,SKU00328,inclusion
P0044,SKU00016,inclusion
P0044,SKU00025,inclusion
P0044,SKU00142,inclusion
P0044,SKU00245,inclusion
P0044,SKU00368,inclusion
P0044,SKU00072,inclusion
P0044,SKU00010,inclusion
P0044,SKU00199,inclusion
P0044,SKU00307,inclusion
P0044,SKU00003,inclusion
P0044,SKU00235,inclusion
P0044,SKU00031,inclusion
P0044,SKU00076,inclusion
P0044,SKU00103,inclusion
P0044,SKU00176,inclusion
P0044,SKU00123,inclusion
P0045,SKU00191,inclusion
P0046,SKU00354,inclusion
P0046,SKU00290,inclusion
P0046,SKU00233,inclusion
P0046,SKU00223,inclusion
P0046,SKU00215,inclusion
P0046,SKU00153,inclusion
P0046,SKU00392,inclusion
P0046,SKU00029,inclusion
P0046,SKU00324,inclusion
P0046,SKU00348,inclusion
P0046,SKU00188,inclusion
P0046,SKU00338,inclusion
P0046,SKU00294,inclusion
P0046,SKU00070,inclusion
P0046,SKU00035,inclusion
P0046,SKU00016,inclusion
P0046,SKU00193,inclusion
P0046,SKU00105,inclusion
P0046,SKU00177,inclusion
P0046,SKU00261,inclusion
P0046,SKU00176,inclusion
P0046,SKU00279,inclusion
P0046,SKU00139,inclusion
P0046,SKU00205,inclusion
P0046,SKU00291,inclusion
P0046,SKU00267,inclusion
P0046,SKU00340,inclusion
P0046,SKU00232,inclusion
P0046,SKU00323,inclusion
P0046,SKU00180,inclusion
P0046,SKU00090,inclusion
P0046,SKU00037,inclusion
P0046,SKU00125,inclusion
P0046,SKU00127,inclusion
P0046,SKU00257,inclusion
P0046,SKU00082,inclusion
P0046,SKU00387,inclusion
P0046,SKU00058,inclusion
P0046,SKU00368,inclusion
P0046,SKU00010,inclusion
P0046,SKU00333,inclusion
P0046,SKU00181,inclusion
P0046,SKU00273,inclusion
P0046,SKU00310,inclusion
P0046,SKU00314,inclusion
P0046,SKU00319,inclusion
P0046,SKU00277,inclusion
P0046,SKU00130,inclusion
P0046,SKU00013,inclusion
P0046,SKU00217,inclusion
P0046,SKU00063,inclusion
P0046,SKU00072,inclusion
P0046,SKU00227,inclusion
P0046,SKU00249,inclusion
P0046,SKU00085,inclusion
P0046,SKU00003,inclusion
P0046,SKU00339,inclusion
P0046,SKU00132,inclusion
P0046,SKU00025,inclusion
P0046,SKU00201,inclusion
P0047,SKU00027,inclusion
P0047,SKU00344,inclusion
P0047,SKU00362,inclusion
P0047,SKU00325,inclusion
P0047,SKU00056,inclusion
P0047,SKU00236,inclusion
P0047,SKU00264,inclusion
P0047,SKU00334,inclusion
P0047,SKU00265,inclusion
P0047,SKU00102,inclusion
P0047,SKU00046,inclusion
P0047,SKU00008,inclusion
P0047,SKU00242,inclusion
P0047,SKU00145,inclusion
P0047,SKU00213,inclusion
P0047,SKU00356,inclusion
P0047,SKU00210,inclusion
P0047,SKU00012,inclusion
P0047,SKU00156,inclusion
P0047,SKU00106,inclusion
P0047,SKU00019,inclusion
P0047,SKU00057,inclusion
P0047,SKU00218,inclusion
P0047,SKU00331,inclusion
P0047,SKU00161,inclusion
P0047,SKU00097,inclusion
P0047,SKU00195,inclusion
P0047,SKU00254,inclusion
P0047,SKU00077,inclusion
P0047,SKU00179,inclusion
P0047,SKU00068,inclusion
P0047,SKU00143,inclusion
P0047,SKU00322,inclusion
P0047,SKU00244,inclusion
P0047,SKU00018,inclusion
P0047,SKU00087,inclusion
P0047,SKU00342,inclusion
P0047,SKU00172,inclusion
P0047,SKU00239,inclusion
P0047,SKU00138,inclusion
P0047,SKU00100,inclusion
P0047,SKU00397,inclusion
P0047,SKU00030,inclusion
P0047,SKU00055,inclusion
P0047,SKU00183,inclusion
P0047,SKU00101,inclusion
P0047,SKU00280,inclusion
P0047,SKU00394,inclusion
P0047,SKU00050,inclusion
P0047,SKU00184,inclusion
P0047,SKU00160,inclusion
P0047,SKU00065,inclusion
P0047,SKU00393,inclusion
P0047,SKU00395,inclusion
P0047,SKU00305,inclusion
P0047,SKU00170,inclusion
P0047,SKU00384,inclusion
P0047,SKU00114,inclusion
P0047,SKU00202,inclusion
P0047,SKU00321,inclusion
P0048,SKU00368,inclusion
P0048,SKU00080,inclusion
P0048,SKU00337,inclusion
P0048,SKU00316,inclusion
P0048,SKU00101,inclusion
P0048,SKU00288,inclusion
P0048,SKU00317,inclusion
P0048,SKU00188,inclusion
P0048,SKU00269,inclusion
P0048,SKU00165,inclusion
P0048,SKU00226,inclusion
P0048,SKU00005,inclusion
P0048,SKU00202,inclusion
P0048,SKU00114,inclusion
P0048,SKU00150,inclusion
P0048,SKU00043,inclusion
P0048,SKU00224,inclusion
P0048,SKU00164,inclusion
P0048,SKU00227,inclusion
P0048,SKU00352,inclusion
P0048,SKU00257,inclusion
P0048,SKU00030,inclusion
P0048,SKU00131,inclusion
P0048,SKU00234,inclusion
P0048,SKU00281,inclusion
P0048,SKU00304,inclusion
P0048,SKU00223,inclusion
P0048,SKU00199,inclusion
P0048,SKU00109,inclusion
P0048,SKU00070,inclusion
P0048,SKU00100,inclusion
P0048,SKU00017,inclusion
P0049,SKU00290,inclusion
P0050,SKU00076,inclusion
P0050,SKU00387,inclusion
P0050,SKU00371,inclusion
P0050,SKU00174,inclusion
P0050,SKU00248,inclusion
P0050,SKU00089,inclusion
P0050,SKU00365,inclusion
P0050,SKU00250,inclusion
P0050,SKU00157,inclusion
P0050,SKU00079,inclusion
P0050,SKU00081,inclusion
P0050,SKU00212,inclusion
P0050,SKU00209,inclusion
P0050,SKU00348,inclusion
P0050,SKU00121,inclusion
P0050,SKU00377,inclusion
P0050,SKU00106,inclusion
P0050,SKU00298,inclusion
P0050,SKU00315,inclusion
P0050,SKU00073,inclusion
P0050,SKU00006,inclusion
P0050,SKU00319,inclusion
P0050,SKU00084,inclusion
P0050,SKU00170,inclusion
P0050,SKU00169,inclusion
P0050,SKU00323,inclusion
P0050,SKU00193,inclusion
P0050,SKU00197,inclusion
P0050,SKU00244,inclusion
P0050,SKU00351,inclusion
P0050,SKU00320,inclusion
P0050,SKU00305,inclusion
P0051,SKU00001,inclusion
P0052,SKU00039,inclusion
P0052,SKU00001,inclusion
P0052,SKU00351,inclusion
P0052,SKU00343,inclusion
P0052,SKU00040,inclusion
P0052,SKU00095,inclusion
P0052,SKU00385,inclusion
P0052,SKU00048,inclusion
P0052,SKU00389,inclusion
P0052,SKU00222,inclusion
P0052,SKU00383,inclusion
P0052,SKU00154,inclusion
P0052,SKU00237,inclusion
P0052,SKU00282,inclusion
P0052,SKU00248,inclusion
P0052,SKU00220,inclusion
P0052,SKU00255,inclusion
P0052,SKU00346,inclusion
P0052,SKU00241,inclusion
P0052,SKU00119,inclusion
P0052,SKU00286,inclusion
P0052,SKU00042,inclusion
P0052,SKU00140,inclusion
P0052,SKU00370,inclusion
P0052,SKU00315,inclusion
P0052,SKU00373,inclusion
P0052,SKU00358,inclusion
P0052,SKU00093,inclusion
P0052,SKU00009,inclusion
P0052,SKU00152,inclusion
P0052,SKU00190,inclusion
P0052,SKU00258,inclusion
P0052,SKU00283,inclusion
P0052,SKU00216,inclusion
P0052,SKU00002,inclusion
P0052,SKU00059,inclusion
P0052,SKU00341,inclusion
P0052,SKU00080,inclusion
P0052,SKU00174,inclusion
P0052,SKU00228,inclusion
P0053,SKU00017,inclusion
P0053,SKU00101,inclusion
P0053,SKU00375,inclusion
P0053,SKU00202,inclusion
P0053,SKU00352,inclusion
P0053,SKU00288,inclusion
P0053,SKU00333,inclusion
P0053,SKU00231,inclusion
P0053,SKU00047,inclusion
P0053,SKU00361,inclusion
P0053,SKU00254,inclusion
P0053,SKU00317,inclusion
P0053,SKU00223,inclusion
P0053,SKU00304,inclusion
P0053,SKU00080,inclusion
P0053,SKU00368,inclusion
P0053,SKU00347,inclusion
P0053,SKU00039,inclusion
P0053,SKU00257,inclusion
P0053,SKU00188,inclusion
P0053,SKU00261,inclusion
P0053,SKU00229,inclusion
P0053,SKU00098,inclusion
P0053,SKU00283,inclusion
P0053,SKU00043,inclusion
P0053,SKU00314,inclusion
P0053,SKU00303,inclusion
P0053,SKU00070,inclusion
P0053,SKU00395,inclusion
P0053,SKU00030,inclusion
P0053,SKU00109,inclusion
P0053,SKU00238,inclusion
P0054,SKU00347,inclusion
P0055,SKU00308,inclusion
P0056,SKU00338,inclusion
P0056,SKU00368,inclusion
P0056,SKU00058,inclusion
P0056,SKU00233,inclusion
P0056,SKU00163,inclusion
P0056,SKU00010,inclusion
P0056,SKU00357,inclusion
P0056,SKU00034,inclusion
P0056,SKU00188,inclusion
P0056,SKU00021,inclusion
P0056,SKU00020,inclusion
P0056,SKU00070,inclusion
P0056,SKU00328,inclusion
P0056,SKU00196,inclusion
P0056,SKU00203,inclusion
P0056,SKU00031,inclusion
P0056,SKU00076,inclusion
P0056,SKU00355,inclusion
P0056,SKU00176,inclusion
P0056,SKU00261,inclusion
P0056,SKU00235,inclusion
P0056,SKU00025,inclusion
P0056,SKU00307,inclusion
P0056,SKU00103,inclusion
P0056,SKU00199,inclusion
P0056,SKU00142,inclusion
P0056,SKU00072,inclusion
P0056,SKU00090,inclusion
P0056,SKU00291,inclusion
P0056,SKU00245,inclusion
P0056,SKU00376,inclusion
P0056,SKU00003,inclusion
P0056,SKU00253,inclusion
P0056,SKU00180,inclusion
P0056,SKU00123,inclusion
P0056,SKU00016,inclusion
P0057,SKU00054,inclusion
P0057,SKU00058,inclusion
P0057,SKU00015,inclusion
P0057,SKU00140,inclusion
P0057,SKU00050,inclusion
P0057,SKU00088,inclusion
P0057,SKU00097,inclusion
P0057,SKU00384,inclusion
P0057,SKU00364,inclusion
P0057,SKU00198,inclusion
P0057,SKU00356,inclusion
P0057,SKU00389,inclusion
P0057,SKU00355,inclusion
P0057,SKU00120,inclusion
P0057,SKU00025,inclusion
P0057,SKU00093,inclusion
P0057,SKU00274,inclusion
P0057,SKU00328,inclusion
P0057,SKU00148,inclusion
P0057,SKU00230,inclusion
P0057,SKU00042,inclusion
P0057,SKU00252,inclusion
P0057,SKU00247,inclusion
P0057,SKU00085,inclusion
P0057,SKU00111,inclusion
P0057,SKU00350,inclusion
P0057,SKU00020,inclusion
P0057,SKU00275,inclusion
P0057,SKU00031,inclusion
P0057,SKU00035,inclusion
P0057,SKU00155,inclusion
P0057,SKU00102,inclusion
P0058,SKU00369,inclusion
P0058,SKU00181,inclusion
P0058,SKU00194,inclusion
P0058,SKU00249,inclusion
P0058,SKU00028,inclusion
P0058,SKU00011,inclusion
P0058,SKU00013,inclusion
P0058,SKU00124,inclusion
P0058,SKU00205,inclusion
P0058,SKU00169,inclusion
P0058,SKU00127,inclusion
P0058,SKU00260,inclusion
P0058,SKU00297,inclusion
P0058,SKU00045,inclusion
P0058,SKU00079,inclusion
P0058,SKU00155,inclusion
P0058,SKU00345,inclusion
P0058,SKU00323,inclusion
P0058,SKU00290,inclusion
P0058,SKU00206,inclusion
P0058,SKU00193,inclusion
P0058,SKU00318,inclusion
P0058,SKU00361,inclusion
P0058,SKU00149,inclusion
P0058,SKU00215,inclusion
P0058,SKU00150,inclusion
P0058,SKU00268,inclusion
P0058,SKU00153,inclusion
P0058,SKU00227,inclusion
P0059,SKU00278,inclusion
P0059,SKU00293,inclusion
P0059,SKU00371,inclusion
P0059,SKU00214,inclusion
P0059,SKU00258,inclusion
P0059,SKU00098,inclusion
P0059,SKU00275,inclusion
P0059,SKU00271,inclusion
P0059,SKU00377,inclusion
P0059,SKU00111,inclusion
P0059,SKU00385,inclusion
P0059,SKU00347,inclusion
P0059,SKU00222,inclusion
P0059,SKU00134,inclusion
P0059,SKU00360,inclusion
P0059,SKU00375,inclusion
P0059,SKU00241,inclusion
P0059,SKU00023,inclusion
P0059,SKU00116,inclusion
P0059,SKU00399,inclusion
P0059,SKU00060,inclusion
P0059,SKU00326,inclusion
P0059,SKU00317,inclusion
P0059,SKU00001,inclusion
P0059,SKU00358,inclusion
P0059,SKU00073,inclusion
P0059,SKU00379,inclusion
P0059,SKU00198,inclusion
P0059,SKU00282,inclusion
P0059,SKU00190,inclusion
P0059,SKU00270,inclusion
P0059,SKU00042,inclusion
P0059,SKU00074,inclusion
P0059,SKU00174,inclusion
P0059,SKU00121,inclusion
P0059,SKU00107,inclusion
P0059,SKU00224,inclusion
P0059,SKU00187,inclusion
P0059,SKU00341,inclusion
P0059,SKU00287,inclusion
P0059,SKU00350,inclusion
P0059,SKU00346,inclusion
P0059,SKU00095,inclusion
P0059,SKU00146,inclusion
P0059,SKU00383,inclusion
P0059,SKU00200,inclusion
P0059,SKU00041,inclusion
P0059,SKU00288,inclusion
P0059,SKU00246,inclusion
P0059,SKU00309,inclusion
P0059,SKU00159,inclusion
P0059,SKU00308,inclusion
P0059,SKU00351,inclusion
P0059,SKU00171,inclusion
P0059,SKU00204,inclusion
P0059,SKU00295,inclusion
P0059,SKU00147,inclusion
P0059,SKU00026,inclusion
P0059,SKU00332,inclusion
P0059,SKU00330,inclusion
P0060,SKU00125,inclusion
P0060,SKU00272,inclusion
P0060,SKU00003,inclusion
P0060,SKU00284,inclusion
P0060,SKU00265,inclusion
P0060,SKU00158,inclusion
P0060,SKU00176,inclusion
P0060,SKU00185,inclusion
P0060,SKU00141,inclusion
P0060,SKU00285,inclusion
P0060,SKU00069,inclusion
P0060,SKU00211,inclusion
P0060,SKU00358,inclusion
P0060,SKU00280,inclusion
P0060,SKU00182,inclusion
P0060,SKU00277,inclusion
P0060,SKU00004,inclusion
P0060,SKU00311,inclusion
P0060,SKU00376,inclusion
P0060,SKU00270,inclusion
P0060,SKU00359,inclusion
P0060,SKU00033,inclusion
P0060,SKU00297,inclusion
P0060,SKU00072,inclusion
P0060,SKU00329,inclusion
P0060,SKU00184,inclusion
P0060,SKU00264,inclusion
P0060,SKU00204,inclusion
P0060,SKU00066,inclusion
P0060,SKU00044,inclusion
P0060,SKU00393,inclusion
P0060,SKU00296,inclusion
